Designator,Pin,PinName,Net,Category,Description
U19,1,,,IC/模块,CPU内核:ARM-M3;CPU最大主频:72MHz;应用领域:-;
U19,2,,MCU_GPIO_PC13_CS_W5500,IC/模块,CPU内核:ARM-M3;CPU最大主频:72MHz;应用领域:-;
U19,3,,MCU_EXTI_PC14_INT_W5500,IC/模块,CPU内核:ARM-M3;CPU最大主频:72MHz;应用领域:-;
U19,4,,MCU_GPIO_PC15_RST_W5500,IC/模块,CPU内核:ARM-M3;CPU最大主频:72MHz;应用领域:-;
U19,5,,OSC_IN,IC/模块,CPU内核:ARM-M3;CPU最大主频:72MHz;应用领域:-;
U19,6,,OSC_OUT,IC/模块,CPU内核:ARM-M3;CPU最大主频:72MHz;应用领域:-;
U19,7,,$3N188,IC/模块,CPU内核:ARM-M3;CPU最大主频:72MHz;应用领域:-;
U19,8,,MCU_PC0_ADC1_IN10,IC/模块,CPU内核:ARM-M3;CPU最大主频:72MHz;应用领域:-;
U19,9,,MCU_PC1_ADC2_IN11,IC/模块,CPU内核:ARM-M3;CPU最大主频:72MHz;应用领域:-;
U19,10,,MCU_GPIO_PC2_KEY_DOWN,IC/模块,CPU内核:ARM-M3;CPU最大主频:72MHz;应用领域:-;
U19,11,,MCU_GPIO_PC3_KEY_LEFT,IC/模块,CPU内核:ARM-M3;CPU最大主频:72MHz;应用领域:-;
U19,12,,GND,IC/模块,CPU内核:ARM-M3;CPU最大主频:72MHz;应用领域:-;
U19,13,,3V3A,IC/模块,CPU内核:ARM-M3;CPU最大主频:72MHz;应用领域:-;
U19,14,,MCU_GPIO_PA0_KEY_RIGHT,IC/模块,CPU内核:ARM-M3;CPU最大主频:72MHz;应用领域:-;
U19,15,,MCU_GPIO_PA1_KEY_UP,IC/模块,CPU内核:ARM-M3;CPU最大主频:72MHz;应用领域:-;
U19,16,,MCU_GPIO_PA2_LED_DATA,IC/模块,CPU内核:ARM-M3;CPU最大主频:72MHz;应用领域:-;
U19,17,,MCU_PA3_EXTI3_DI5,IC/模块,CPU内核:ARM-M3;CPU最大主频:72MHz;应用领域:-;
U19,18,,GND,IC/模块,CPU内核:ARM-M3;CPU最大主频:72MHz;应用领域:-;
U19,19,,MCU_ANALOG_3V3,IC/模块,CPU内核:ARM-M3;CPU最大主频:72MHz;应用领域:-;
U19,20,,MCU_PA4_EXTI4_DI4,IC/模块,CPU内核:ARM-M3;CPU最大主频:72MHz;应用领域:-;
U19,21,,MCU_PA5_EXTI5_DI3,IC/模块,CPU内核:ARM-M3;CPU最大主频:72MHz;应用领域:-;
U19,22,,MCU_PA6_EXTI6_DI2,IC/模块,CPU内核:ARM-M3;CPU最大主频:72MHz;应用领域:-;
U19,23,,MCU_PA7_EXTI7_DI1,IC/模块,CPU内核:ARM-M3;CPU最大主频:72MHz;应用领域:-;
U19,24,,MCU_GPIO_PC4_LED_DI,IC/模块,CPU内核:ARM-M3;CPU最大主频:72MHz;应用领域:-;
U19,25,,MCU_GPIO_PC5_SCREEN_RES,IC/模块,CPU内核:ARM-M3;CPU最大主频:72MHz;应用领域:-;
U19,26,,MCU_GPIO_PB0_KEY_MID,IC/模块,CPU内核:ARM-M3;CPU最大主频:72MHz;应用领域:-;
U19,27,,MCU_GPIO_PB1_SCREEN_BLK,IC/模块,CPU内核:ARM-M3;CPU最大主频:72MHz;应用领域:-;
U19,28,,MCU_GPIO_PB2_SCREEN_DC,IC/模块,CPU内核:ARM-M3;CPU最大主频:72MHz;应用领域:-;
U19,29,,MCU_PB10_I2C2_SCL,IC/模块,CPU内核:ARM-M3;CPU最大主频:72MHz;应用领域:-;
U19,30,,MCU_PB11_I2C2_SDA,IC/模块,CPU内核:ARM-M3;CPU最大主频:72MHz;应用领域:-;
U19,31,,GND,IC/模块,CPU内核:ARM-M3;CPU最大主频:72MHz;应用领域:-;
U19,32,,MCU_ANALOG_3V3,IC/模块,CPU内核:ARM-M3;CPU最大主频:72MHz;应用领域:-;
U19,33,,MCU_PB12_BUZZER_EN,IC/模块,CPU内核:ARM-M3;CPU最大主频:72MHz;应用领域:-;
U19,34,,MCU_SPI2_MOSI_PB13_SCREEN,IC/模块,CPU内核:ARM-M3;CPU最大主频:72MHz;应用领域:-;
U19,35,,,IC/模块,CPU内核:ARM-M3;CPU最大主频:72MHz;应用领域:-;
U19,36,,MCU_SPI2_SCK_PB15_SCREEN,IC/模块,CPU内核:ARM-M3;CPU最大主频:72MHz;应用领域:-;
U19,37,,,IC/模块,CPU内核:ARM-M3;CPU最大主频:72MHz;应用领域:-;
U19,38,,,IC/模块,CPU内核:ARM-M3;CPU最大主频:72MHz;应用领域:-;
U19,39,,$3N306,IC/模块,CPU内核:ARM-M3;CPU最大主频:72MHz;应用领域:-;
U19,40,,$3N305,IC/模块,CPU内核:ARM-M3;CPU最大主频:72MHz;应用领域:-;
U19,41,,,IC/模块,CPU内核:ARM-M3;CPU最大主频:72MHz;应用领域:-;
U19,42,,MCU_PA9_USART1_TX_DEBUG,IC/模块,CPU内核:ARM-M3;CPU最大主频:72MHz;应用领域:-;
U19,43,,MCU_PA10_USART1_RX_DEBUG,IC/模块,CPU内核:ARM-M3;CPU最大主频:72MHz;应用领域:-;
U19,44,,,IC/模块,CPU内核:ARM-M3;CPU最大主频:72MHz;应用领域:-;
U19,45,,MCU_GPIO_PA12_DS1302_RST,IC/模块,CPU内核:ARM-M3;CPU最大主频:72MHz;应用领域:-;
U19,46,,SWDIO,IC/模块,CPU内核:ARM-M3;CPU最大主频:72MHz;应用领域:-;
U19,47,,GND,IC/模块,CPU内核:ARM-M3;CPU最大主频:72MHz;应用领域:-;
U19,48,,MCU_ANALOG_3V3,IC/模块,CPU内核:ARM-M3;CPU最大主频:72MHz;应用领域:-;
U19,49,,SWCLK,IC/模块,CPU内核:ARM-M3;CPU最大主频:72MHz;应用领域:-;
U19,50,,MCU_PA15_485_TX_RX_SEL,IC/模块,CPU内核:ARM-M3;CPU最大主频:72MHz;应用领域:-;
U19,51,,MCU_PC10_UART4_TX_485,IC/模块,CPU内核:ARM-M3;CPU最大主频:72MHz;应用领域:-;
U19,52,,MCU_PC11_UART4_RX_485,IC/模块,CPU内核:ARM-M3;CPU最大主频:72MHz;应用领域:-;
U19,53,,MCU_GPIO_PC12_DS1302_IO,IC/模块,CPU内核:ARM-M3;CPU最大主频:72MHz;应用领域:-;
U19,54,,MCU_GPIO_PD2_DS1302_SCLK,IC/模块,CPU内核:ARM-M3;CPU最大主频:72MHz;应用领域:-;
U19,55,,MCU_SPI1_PB3_SCK_W5500,IC/模块,CPU内核:ARM-M3;CPU最大主频:72MHz;应用领域:-;
U19,56,,MCU_SPI1_PB4_MISO_W5500,IC/模块,CPU内核:ARM-M3;CPU最大主频:72MHz;应用领域:-;
U19,57,,MCU_SPI1_PB5_MOSI_W5500,IC/模块,CPU内核:ARM-M3;CPU最大主频:72MHz;应用领域:-;
U19,58,,MCU_PB6_I2C1_SCL_SCREEN,IC/模块,CPU内核:ARM-M3;CPU最大主频:72MHz;应用领域:-;
U19,59,,MCU_PB7_I2C1_SDA_SCREEN,IC/模块,CPU内核:ARM-M3;CPU最大主频:72MHz;应用领域:-;
U19,60,,GND,IC/模块,CPU内核:ARM-M3;CPU最大主频:72MHz;应用领域:-;
U19,61,,,IC/模块,CPU内核:ARM-M3;CPU最大主频:72MHz;应用领域:-;
U19,62,,,IC/模块,CPU内核:ARM-M3;CPU最大主频:72MHz;应用领域:-;
U19,63,,GND,IC/模块,CPU内核:ARM-M3;CPU最大主频:72MHz;应用领域:-;
U19,64,,MCU_ANALOG_3V3,IC/模块,CPU内核:ARM-M3;CPU最大主频:72MHz;应用领域:-;
U20,1,,$7N12,IC/模块,放大器数:双路;增益带宽积(GBP):3MHz;输入偏置电流(Ib):1pA;压摆率(SR):2.1V/us;带宽(-3db):-;轨到轨:-;
U20,2,,$7N12,IC/模块,放大器数:双路;增益带宽积(GBP):3MHz;输入偏置电流(Ib):1pA;压摆率(SR):2.1V/us;带宽(-3db):-;轨到轨:-;
U20,3,,$7N4,IC/模块,放大器数:双路;增益带宽积(GBP):3MHz;输入偏置电流(Ib):1pA;压摆率(SR):2.1V/us;带宽(-3db):-;轨到轨:-;
U20,4,,OP_-5V,IC/模块,放大器数:双路;增益带宽积(GBP):3MHz;输入偏置电流(Ib):1pA;压摆率(SR):2.1V/us;带宽(-3db):-;轨到轨:-;
U20,5,,$7N13,IC/模块,放大器数:双路;增益带宽积(GBP):3MHz;输入偏置电流(Ib):1pA;压摆率(SR):2.1V/us;带宽(-3db):-;轨到轨:-;
U20,6,,$7N26,IC/模块,放大器数:双路;增益带宽积(GBP):3MHz;输入偏置电流(Ib):1pA;压摆率(SR):2.1V/us;带宽(-3db):-;轨到轨:-;
U20,7,,$7N26,IC/模块,放大器数:双路;增益带宽积(GBP):3MHz;输入偏置电流(Ib):1pA;压摆率(SR):2.1V/us;带宽(-3db):-;轨到轨:-;
U20,8,,OP_+5V,IC/模块,放大器数:双路;增益带宽积(GBP):3MHz;输入偏置电流(Ib):1pA;压摆率(SR):2.1V/us;带宽(-3db):-;轨到轨:-;
U1,1,,$1N9,IC/模块,功能类型:降压型;输出类型:固定;工作电压:4.5V~40V;输出电压:5V;输出电流:2A;
U1,2,,$1N6,IC/模块,功能类型:降压型;输出类型:固定;工作电压:4.5V~40V;输出电压:5V;输出电流:2A;
U1,3,,+5V,IC/模块,功能类型:降压型;输出类型:固定;工作电压:4.5V~40V;输出电压:5V;输出电流:2A;
U1,4,,GND,IC/模块,功能类型:降压型;输出类型:固定;工作电压:4.5V~40V;输出电压:5V;输出电流:2A;
U1,5,,GND,IC/模块,功能类型:降压型;输出类型:固定;工作电压:4.5V~40V;输出电压:5V;输出电流:2A;
U1,6,,GND,IC/模块,功能类型:降压型;输出类型:固定;工作电压:4.5V~40V;输出电压:5V;输出电流:2A;
U1,7,,GND,IC/模块,功能类型:降压型;输出类型:固定;工作电压:4.5V~40V;输出电压:5V;输出电流:2A;
U1,8,,GND,IC/模块,功能类型:降压型;输出类型:固定;工作电压:4.5V~40V;输出电压:5V;输出电流:2A;
C1,1,,$1N9,电容,容值:47uF;精度:±20%;额定电压:63V;纹波电流:75mA@120Hz;
C1,2,,GND,电容,容值:47uF;精度:±20%;额定电压:63V;纹波电流:75mA@120Hz;
D2,1,,GND,二极管,二极管配置:独立式;正向压降(Vf):550mV@3.0A;直流反向耐压(Vr):40V;整流电流:3A;
D2,2,,$1N6,二极管,二极管配置:独立式;正向压降(Vf):550mV@3.0A;直流反向耐压(Vr):40V;整流电流:3A;
L1,1,,+5V,电感,电感值:68uH;精度:±20%;额定电流:900mA;类型:磁胶屏蔽电感;
L1,2,,$1N6,电感,电感值:68uH;精度:±20%;额定电流:900mA;类型:磁胶屏蔽电感;
C2,1,,+5V,电容,容值:220uF;精度:±20%;额定电压:25V;纹波电流:120mA@120Hz;
C2,2,,GND,电容,容值:220uF;精度:±20%;额定电压:25V;纹波电流:120mA@120Hz;
D1,1,,VIN,二极管,二极管配置:独立式;正向压降(Vf):1.1V@1A;直流反向耐压(Vr):1kV;整流电流:1A;
D1,2,,$1N9,二极管,二极管配置:独立式;正向压降(Vf):1.1V@1A;直流反向耐压(Vr):1kV;整流电流:1A;
U2,1,,GND,IC/模块,输出类型:固定;工作电压:6V;输出电压:3.3V;输出电流:200mA;电源纹波抑制比(PSRR):-;输出极性:正极;
U2,2,,MCU_ANALOG_3V3,IC/模块,输出类型:固定;工作电压:6V;输出电压:3.3V;输出电流:200mA;电源纹波抑制比(PSRR):-;输出极性:正极;
U2,3,,$1N31,IC/模块,输出类型:固定;工作电压:6V;输出电压:3.3V;输出电流:200mA;电源纹波抑制比(PSRR):-;输出极性:正极;
U3,1,,GND,IC/模块,输出类型:固定;工作电压:6V;输出电压:3.3V;输出电流:200mA;电源纹波抑制比(PSRR):-;输出极性:正极;
U3,2,,485_DI_3V3,IC/模块,输出类型:固定;工作电压:6V;输出电压:3.3V;输出电流:200mA;电源纹波抑制比(PSRR):-;输出极性:正极;
U3,3,,+5V,IC/模块,输出类型:固定;工作电压:6V;输出电压:3.3V;输出电流:200mA;电源纹波抑制比(PSRR):-;输出极性:正极;
C10,1,,GND,电容,容值:100nF;精度:±10%;额定电压:50V;材质(温度系数):X7R;
C10,2,,3V3A,电容,容值:100nF;精度:±10%;额定电压:50V;材质(温度系数):X7R;
R1,1,,GND,电阻,电阻类型:厚膜电阻;阻值:0Ω;精度:±1%;功率:100mW;工作电压:75V;温度系数:-;
R1,2,,AGND,电阻,电阻类型:厚膜电阻;阻值:0Ω;精度:±1%;功率:100mW;工作电压:75V;温度系数:-;
U4,1,,+5V,IC/模块,输出类型:固定;工作电压:5.5V;输出电压:3.3V;输出电流:600mA;电源纹波抑制比(PSRR):75dB@(1kHz);输出极性:正极;
U4,2,,GND,IC/模块,输出类型:固定;工作电压:5.5V;输出电压:3.3V;输出电流:600mA;电源纹波抑制比(PSRR):75dB@(1kHz);输出极性:正极;
U4,3,,+5V,IC/模块,输出类型:固定;工作电压:5.5V;输出电压:3.3V;输出电流:600mA;电源纹波抑制比(PSRR):75dB@(1kHz);输出极性:正极;
U4,4,,,IC/模块,输出类型:固定;工作电压:5.5V;输出电压:3.3V;输出电流:600mA;电源纹波抑制比(PSRR):75dB@(1kHz);输出极性:正极;
U4,5,,ERTHER_3V3,IC/模块,输出类型:固定;工作电压:5.5V;输出电压:3.3V;输出电流:600mA;电源纹波抑制比(PSRR):75dB@(1kHz);输出极性:正极;
C17,1,,GND,电容,容值:100nF;精度:±10%;额定电压:50V;材质(温度系数):X7R;
C17,2,,ERTHER_3V3,电容,容值:100nF;精度:±10%;额定电压:50V;材质(温度系数):X7R;
C15,1,,GND,电容,容值:100nF;精度:±10%;额定电压:50V;材质(温度系数):X7R;
C15,2,,+5V,电容,容值:100nF;精度:±10%;额定电压:50V;材质(温度系数):X7R;
C12,1,,GND,电容,容值:100nF;精度:±10%;额定电压:50V;材质(温度系数):X7R;
C12,2,,+5V,电容,容值:100nF;精度:±10%;额定电压:50V;材质(温度系数):X7R;
C8,1,,GND,电容,容值:100nF;精度:±10%;额定电压:50V;材质(温度系数):X7R;
C8,2,,485_DI_3V3,电容,容值:100nF;精度:±10%;额定电压:50V;材质(温度系数):X7R;
U5,1,,,IC/模块,TP7660是一款DC/DC电荷泵电压转换器专用集成电路。该芯片可将1.2V～8V的输入电压转换为相应的-1.2V～-8V输出，并且只需三个外部电容，无需电感，从而降低了损耗、面积和电磁干扰。该芯片具有低空载电流和强大的驱动能力
U5,2,,$1N47,IC/模块,TP7660是一款DC/DC电荷泵电压转换器专用集成电路。该芯片可将1.2V～8V的输入电压转换为相应的-1.2V～-8V输出，并且只需三个外部电容，无需电感，从而降低了损耗、面积和电磁干扰。该芯片具有低空载电流和强大的驱动能力
U5,3,,AGND,IC/模块,TP7660是一款DC/DC电荷泵电压转换器专用集成电路。该芯片可将1.2V～8V的输入电压转换为相应的-1.2V～-8V输出，并且只需三个外部电容，无需电感，从而降低了损耗、面积和电磁干扰。该芯片具有低空载电流和强大的驱动能力
U5,4,,$1N46,IC/模块,TP7660是一款DC/DC电荷泵电压转换器专用集成电路。该芯片可将1.2V～8V的输入电压转换为相应的-1.2V～-8V输出，并且只需三个外部电容，无需电感，从而降低了损耗、面积和电磁干扰。该芯片具有低空载电流和强大的驱动能力
U5,5,,$1N51,IC/模块,TP7660是一款DC/DC电荷泵电压转换器专用集成电路。该芯片可将1.2V～8V的输入电压转换为相应的-1.2V～-8V输出，并且只需三个外部电容，无需电感，从而降低了损耗、面积和电磁干扰。该芯片具有低空载电流和强大的驱动能力
U5,6,,,IC/模块,TP7660是一款DC/DC电荷泵电压转换器专用集成电路。该芯片可将1.2V～8V的输入电压转换为相应的-1.2V～-8V输出，并且只需三个外部电容，无需电感，从而降低了损耗、面积和电磁干扰。该芯片具有低空载电流和强大的驱动能力
U5,7,,,IC/模块,TP7660是一款DC/DC电荷泵电压转换器专用集成电路。该芯片可将1.2V～8V的输入电压转换为相应的-1.2V～-8V输出，并且只需三个外部电容，无需电感，从而降低了损耗、面积和电磁干扰。该芯片具有低空载电流和强大的驱动能力
U5,8,,OP_+5V,IC/模块,TP7660是一款DC/DC电荷泵电压转换器专用集成电路。该芯片可将1.2V～8V的输入电压转换为相应的-1.2V～-8V输出，并且只需三个外部电容，无需电感，从而降低了损耗、面积和电磁干扰。该芯片具有低空载电流和强大的驱动能力
C13,1,,$1N47,电容,容值:10uF;精度:±10%;额定电压:16V;等效串联电阻(ESR):3Ω@100kHz;
C13,2,,$1N46,电容,容值:10uF;精度:±10%;额定电压:16V;等效串联电阻(ESR):3Ω@100kHz;
L4,1,,+5V,电感,阻抗@频率:600Ω@100MHz;误差:±25%;直流电阻(DCR):380mΩ;
L4,2,,OP_+5V,电感,阻抗@频率:600Ω@100MHz;误差:±25%;直流电阻(DCR):380mΩ;
L2,1,,+5V,电感,阻抗@频率:600Ω@100MHz;误差:±25%;直流电阻(DCR):380mΩ;
L2,2,,$1N31,电感,阻抗@频率:600Ω@100MHz;误差:±25%;直流电阻(DCR):380mΩ;
C5,1,,GND,电容,容值:100nF;精度:±10%;额定电压:50V;材质(温度系数):X7R;
C5,2,,$1N31,电容,容值:100nF;精度:±10%;额定电压:50V;材质(温度系数):X7R;
C3,1,,GND,电容,容值:100nF;精度:±10%;额定电压:50V;材质(温度系数):X7R;
C3,2,,MCU_ANALOG_3V3,电容,容值:100nF;精度:±10%;额定电压:50V;材质(温度系数):X7R;
C14,1,,GND,电容,容值:10uF;精度:±10%;额定电压:25V;材质(温度系数):X5R;
C14,2,,+5V,电容,容值:10uF;精度:±10%;额定电压:25V;材质(温度系数):X5R;
C16,1,,GND,电容,容值:10uF;精度:±10%;额定电压:25V;材质(温度系数):X5R;
C16,2,,ERTHER_3V3,电容,容值:10uF;精度:±10%;额定电压:25V;材质(温度系数):X5R;
C11,1,,GND,电容,容值:10uF;精度:±10%;额定电压:25V;材质(温度系数):X5R;
C11,2,,+5V,电容,容值:10uF;精度:±10%;额定电压:25V;材质(温度系数):X5R;
C7,1,,GND,电容,容值:10uF;精度:±10%;额定电压:25V;材质(温度系数):X5R;
C7,2,,485_DI_3V3,电容,容值:10uF;精度:±10%;额定电压:25V;材质(温度系数):X5R;
C6,1,,GND,电容,容值:10uF;精度:±10%;额定电压:25V;材质(温度系数):X5R;
C6,2,,MCU_ANALOG_3V3,电容,容值:10uF;精度:±10%;额定电压:25V;材质(温度系数):X5R;
C4,1,,GND,电容,容值:10uF;精度:±10%;额定电压:25V;材质(温度系数):X5R;
C4,2,,$1N31,电容,容值:10uF;精度:±10%;额定电压:25V;材质(温度系数):X5R;
C18,1,,AGND,电容,容值:10uF;精度:±10%;额定电压:25V;材质(温度系数):X5R;
C18,2,,OP_+5V,电容,容值:10uF;精度:±10%;额定电压:25V;材质(温度系数):X5R;
C20,1,,AGND,电容,容值:10uF;精度:±10%;额定电压:25V;材质(温度系数):X5R;
C20,2,,OP_-5V,电容,容值:10uF;精度:±10%;额定电压:25V;材质(温度系数):X5R;
L3,1,,MCU_ANALOG_3V3,电感,阻抗@频率:600Ω@100MHz;误差:±25%;直流电阻(DCR):380mΩ;
L3,2,,3V3A,电感,阻抗@频率:600Ω@100MHz;误差:±25%;直流电阻(DCR):380mΩ;
C9,1,,GND,电容,容值:10uF;精度:±10%;额定电压:25V;材质(温度系数):X5R;
C9,2,,3V3A,电容,容值:10uF;精度:±10%;额定电压:25V;材质(温度系数):X5R;
C19,1,,AGND,电容,容值:10uF;精度:±10%;额定电压:25V;材质(温度系数):X5R;
C19,2,,$1N51,电容,容值:10uF;精度:±10%;额定电压:25V;材质(温度系数):X5R;
L5,1,,$1N51,电感,阻抗@频率:600Ω@100MHz;误差:±25%;直流电阻(DCR):380mΩ;
L5,2,,OP_-5V,电感,阻抗@频率:600Ω@100MHz;误差:±25%;直流电阻(DCR):380mΩ;
R2,1,,VIN,电阻,电阻类型:厚膜电阻;阻值:5.1kΩ;精度:±1%;功率:250mW;工作电压:200V;温度系数:±100ppm/℃;
R2,2,,$2N16,电阻,电阻类型:厚膜电阻;阻值:5.1kΩ;精度:±1%;功率:250mW;工作电压:200V;温度系数:±100ppm/℃;
R6,1,,VIN,电阻,电阻类型:厚膜电阻;阻值:5.1kΩ;精度:±1%;功率:250mW;工作电压:200V;温度系数:±100ppm/℃;
R6,2,,$2N15,电阻,电阻类型:厚膜电阻;阻值:5.1kΩ;精度:±1%;功率:250mW;工作电压:200V;温度系数:±100ppm/℃;
R8,1,,VIN,电阻,电阻类型:厚膜电阻;阻值:5.1kΩ;精度:±1%;功率:250mW;工作电压:200V;温度系数:±100ppm/℃;
R8,2,,$2N14,电阻,电阻类型:厚膜电阻;阻值:5.1kΩ;精度:±1%;功率:250mW;工作电压:200V;温度系数:±100ppm/℃;
R10,1,,VIN,电阻,电阻类型:厚膜电阻;阻值:5.1kΩ;精度:±1%;功率:250mW;工作电压:200V;温度系数:±100ppm/℃;
R10,2,,$2N8,电阻,电阻类型:厚膜电阻;阻值:5.1kΩ;精度:±1%;功率:250mW;工作电压:200V;温度系数:±100ppm/℃;
R12,1,,GND,电阻,电阻类型:厚膜电阻;阻值:2kΩ;精度:±1%;功率:100mW;工作电压:75V;温度系数:±100ppm/℃;
R12,2,,$2N43,电阻,电阻类型:厚膜电阻;阻值:2kΩ;精度:±1%;功率:100mW;工作电压:75V;温度系数:±100ppm/℃;
R13,1,,GND,电阻,电阻类型:厚膜电阻;阻值:2kΩ;精度:±1%;功率:100mW;工作电压:75V;温度系数:±100ppm/℃;
R13,2,,$2N4,电阻,电阻类型:厚膜电阻;阻值:2kΩ;精度:±1%;功率:100mW;工作电压:75V;温度系数:±100ppm/℃;
R14,1,,GND,电阻,电阻类型:厚膜电阻;阻值:2kΩ;精度:±1%;功率:100mW;工作电压:75V;温度系数:±100ppm/℃;
R14,2,,$2N3,电阻,电阻类型:厚膜电阻;阻值:2kΩ;精度:±1%;功率:100mW;工作电压:75V;温度系数:±100ppm/℃;
R3,1,,$2N5,电阻,电阻类型:厚膜电阻;阻值:1kΩ;精度:±1%;功率:100mW;工作电压:75V;温度系数:±100ppm/℃;
R3,2,,MCU_PA7_EXTI7_DI1,电阻,电阻类型:厚膜电阻;阻值:1kΩ;精度:±1%;功率:100mW;工作电压:75V;温度系数:±100ppm/℃;
R9,1,,$2N4,电阻,电阻类型:厚膜电阻;阻值:1kΩ;精度:±1%;功率:100mW;工作电压:75V;温度系数:±100ppm/℃;
R9,2,,MCU_PA4_EXTI4_DI4,电阻,电阻类型:厚膜电阻;阻值:1kΩ;精度:±1%;功率:100mW;工作电压:75V;温度系数:±100ppm/℃;
R11,1,,$2N43,电阻,电阻类型:厚膜电阻;阻值:1kΩ;精度:±1%;功率:100mW;工作电压:75V;温度系数:±100ppm/℃;
R11,2,,MCU_PA3_EXTI3_DI5,电阻,电阻类型:厚膜电阻;阻值:1kΩ;精度:±1%;功率:100mW;工作电压:75V;温度系数:±100ppm/℃;
C21,1,,MCU_PA3_EXTI3_DI5,电容,容值:1nF;精度:±10%;额定电压:50V;温度系数:X7R;
C21,2,,GND,电容,容值:1nF;精度:±10%;额定电压:50V;温度系数:X7R;
C22,1,,MCU_PA4_EXTI4_DI4,电容,容值:1nF;精度:±10%;额定电压:50V;温度系数:X7R;
C22,2,,GND,电容,容值:1nF;精度:±10%;额定电压:50V;温度系数:X7R;
C23,1,,MCU_PA5_EXTI5_DI3,电容,容值:1nF;精度:±10%;额定电压:50V;温度系数:X7R;
C23,2,,GND,电容,容值:1nF;精度:±10%;额定电压:50V;温度系数:X7R;
C24,1,,MCU_PA6_EXTI6_DI2,电容,容值:1nF;精度:±10%;额定电压:50V;温度系数:X7R;
C24,2,,GND,电容,容值:1nF;精度:±10%;额定电压:50V;温度系数:X7R;
R4,1,,VIN,电阻,电阻类型:厚膜电阻;阻值:5.1kΩ;精度:±1%;功率:250mW;工作电压:200V;温度系数:±100ppm/℃;
R4,2,,$2N39,电阻,电阻类型:厚膜电阻;阻值:5.1kΩ;精度:±1%;功率:250mW;工作电压:200V;温度系数:±100ppm/℃;
R15,1,,GND,电阻,电阻类型:厚膜电阻;阻值:2kΩ;精度:±1%;功率:100mW;工作电压:75V;温度系数:±100ppm/℃;
R15,2,,$2N18,电阻,电阻类型:厚膜电阻;阻值:2kΩ;精度:±1%;功率:100mW;工作电压:75V;温度系数:±100ppm/℃;
R16,1,,GND,电阻,电阻类型:厚膜电阻;阻值:2kΩ;精度:±1%;功率:100mW;工作电压:75V;温度系数:±100ppm/℃;
R16,2,,$2N5,电阻,电阻类型:厚膜电阻;阻值:2kΩ;精度:±1%;功率:100mW;工作电压:75V;温度系数:±100ppm/℃;
R7,1,,$2N3,电阻,电阻类型:厚膜电阻;阻值:1kΩ;精度:±1%;功率:100mW;工作电压:75V;温度系数:±100ppm/℃;
R7,2,,MCU_PA5_EXTI5_DI3,电阻,电阻类型:厚膜电阻;阻值:1kΩ;精度:±1%;功率:100mW;工作电压:75V;温度系数:±100ppm/℃;
R5,1,,$2N18,电阻,电阻类型:厚膜电阻;阻值:1kΩ;精度:±1%;功率:100mW;工作电压:75V;温度系数:±100ppm/℃;
R5,2,,MCU_PA6_EXTI6_DI2,电阻,电阻类型:厚膜电阻;阻值:1kΩ;精度:±1%;功率:100mW;工作电压:75V;温度系数:±100ppm/℃;
C25,1,,MCU_PA7_EXTI7_DI1,电容,容值:1nF;精度:±10%;额定电压:50V;温度系数:X7R;
C25,2,,GND,电容,容值:1nF;精度:±10%;额定电压:50V;温度系数:X7R;
U6,1,,$2N16,IC/模块,输入类型:DC;正向压降(Vf):1.2V;输出电流:50mA;隔离电压(Vrms):3.75kV;直流反向耐压(Vr):6V;负载电压:70V;输出通道数:1;集射极饱和电压(VCE(sat)):400mV@8mA,2.4mA;
U6,2,,DI1,IC/模块,输入类型:DC;正向压降(Vf):1.2V;输出电流:50mA;隔离电压(Vrms):3.75kV;直流反向耐压(Vr):6V;负载电压:70V;输出通道数:1;集射极饱和电压(VCE(sat)):400mV@8mA,2.4mA;
U6,3,,$2N5,IC/模块,输入类型:DC;正向压降(Vf):1.2V;输出电流:50mA;隔离电压(Vrms):3.75kV;直流反向耐压(Vr):6V;负载电压:70V;输出通道数:1;集射极饱和电压(VCE(sat)):400mV@8mA,2.4mA;
U6,4,,485_DI_3V3,IC/模块,输入类型:DC;正向压降(Vf):1.2V;输出电流:50mA;隔离电压(Vrms):3.75kV;直流反向耐压(Vr):6V;负载电压:70V;输出通道数:1;集射极饱和电压(VCE(sat)):400mV@8mA,2.4mA;
U7,1,,$2N39,IC/模块,输入类型:DC;正向压降(Vf):1.2V;输出电流:50mA;隔离电压(Vrms):3.75kV;直流反向耐压(Vr):6V;负载电压:70V;输出通道数:1;集射极饱和电压(VCE(sat)):400mV@8mA,2.4mA;
U7,2,,DI2,IC/模块,输入类型:DC;正向压降(Vf):1.2V;输出电流:50mA;隔离电压(Vrms):3.75kV;直流反向耐压(Vr):6V;负载电压:70V;输出通道数:1;集射极饱和电压(VCE(sat)):400mV@8mA,2.4mA;
U7,3,,$2N18,IC/模块,输入类型:DC;正向压降(Vf):1.2V;输出电流:50mA;隔离电压(Vrms):3.75kV;直流反向耐压(Vr):6V;负载电压:70V;输出通道数:1;集射极饱和电压(VCE(sat)):400mV@8mA,2.4mA;
U7,4,,485_DI_3V3,IC/模块,输入类型:DC;正向压降(Vf):1.2V;输出电流:50mA;隔离电压(Vrms):3.75kV;直流反向耐压(Vr):6V;负载电压:70V;输出通道数:1;集射极饱和电压(VCE(sat)):400mV@8mA,2.4mA;
U8,1,,$2N15,IC/模块,输入类型:DC;正向压降(Vf):1.2V;输出电流:50mA;隔离电压(Vrms):3.75kV;直流反向耐压(Vr):6V;负载电压:70V;输出通道数:1;集射极饱和电压(VCE(sat)):400mV@8mA,2.4mA;
U8,2,,DI3,IC/模块,输入类型:DC;正向压降(Vf):1.2V;输出电流:50mA;隔离电压(Vrms):3.75kV;直流反向耐压(Vr):6V;负载电压:70V;输出通道数:1;集射极饱和电压(VCE(sat)):400mV@8mA,2.4mA;
U8,3,,$2N3,IC/模块,输入类型:DC;正向压降(Vf):1.2V;输出电流:50mA;隔离电压(Vrms):3.75kV;直流反向耐压(Vr):6V;负载电压:70V;输出通道数:1;集射极饱和电压(VCE(sat)):400mV@8mA,2.4mA;
U8,4,,485_DI_3V3,IC/模块,输入类型:DC;正向压降(Vf):1.2V;输出电流:50mA;隔离电压(Vrms):3.75kV;直流反向耐压(Vr):6V;负载电压:70V;输出通道数:1;集射极饱和电压(VCE(sat)):400mV@8mA,2.4mA;
U9,1,,$2N14,IC/模块,输入类型:DC;正向压降(Vf):1.2V;输出电流:50mA;隔离电压(Vrms):3.75kV;直流反向耐压(Vr):6V;负载电压:70V;输出通道数:1;集射极饱和电压(VCE(sat)):400mV@8mA,2.4mA;
U9,2,,DI4,IC/模块,输入类型:DC;正向压降(Vf):1.2V;输出电流:50mA;隔离电压(Vrms):3.75kV;直流反向耐压(Vr):6V;负载电压:70V;输出通道数:1;集射极饱和电压(VCE(sat)):400mV@8mA,2.4mA;
U9,3,,$2N4,IC/模块,输入类型:DC;正向压降(Vf):1.2V;输出电流:50mA;隔离电压(Vrms):3.75kV;直流反向耐压(Vr):6V;负载电压:70V;输出通道数:1;集射极饱和电压(VCE(sat)):400mV@8mA,2.4mA;
U9,4,,485_DI_3V3,IC/模块,输入类型:DC;正向压降(Vf):1.2V;输出电流:50mA;隔离电压(Vrms):3.75kV;直流反向耐压(Vr):6V;负载电压:70V;输出通道数:1;集射极饱和电压(VCE(sat)):400mV@8mA,2.4mA;
U10,1,,$2N8,IC/模块,输入类型:DC;正向压降(Vf):1.2V;输出电流:50mA;隔离电压(Vrms):3.75kV;直流反向耐压(Vr):6V;负载电压:70V;输出通道数:1;集射极饱和电压(VCE(sat)):400mV@8mA,2.4mA;
U10,2,,DI5,IC/模块,输入类型:DC;正向压降(Vf):1.2V;输出电流:50mA;隔离电压(Vrms):3.75kV;直流反向耐压(Vr):6V;负载电压:70V;输出通道数:1;集射极饱和电压(VCE(sat)):400mV@8mA,2.4mA;
U10,3,,$2N43,IC/模块,输入类型:DC;正向压降(Vf):1.2V;输出电流:50mA;隔离电压(Vrms):3.75kV;直流反向耐压(Vr):6V;负载电压:70V;输出通道数:1;集射极饱和电压(VCE(sat)):400mV@8mA,2.4mA;
U10,4,,485_DI_3V3,IC/模块,输入类型:DC;正向压降(Vf):1.2V;输出电流:50mA;隔离电压(Vrms):3.75kV;直流反向耐压(Vr):6V;负载电压:70V;输出通道数:1;集射极饱和电压(VCE(sat)):400mV@8mA,2.4mA;
BUZZER1,1,,+5V,其他,驱动方式:有源(内含驱动线路);构造类型:电磁式;额定电压:5V;频率:2.4kHz;声压(SPL):85dB;
BUZZER1,2,,$3N4,其他,驱动方式:有源(内含驱动线路);构造类型:电磁式;额定电压:5V;频率:2.4kHz;声压(SPL):85dB;
Q1,1,,$3N2,三极管,晶体管类型:NPN;集电极电流(Ic):300mA;集射极击穿电压(Vceo):25V;耗散功率(Pd):300mW;直流电流增益(hFE):350@50mA,1V;
Q1,2,,GND,三极管,晶体管类型:NPN;集电极电流(Ic):300mA;集射极击穿电压(Vceo):25V;耗散功率(Pd):300mW;直流电流增益(hFE):350@50mA,1V;
Q1,3,,$3N4,三极管,晶体管类型:NPN;集电极电流(Ic):300mA;集射极击穿电压(Vceo):25V;耗散功率(Pd):300mW;直流电流增益(hFE):350@50mA,1V;
R19,1,,GND,电阻,电阻类型:厚膜电阻;阻值:10kΩ;精度:±1%;功率:100mW;工作电压:75V;温度系数:±100ppm/℃;
R19,2,,$3N2,电阻,电阻类型:厚膜电阻;阻值:10kΩ;精度:±1%;功率:100mW;工作电压:75V;温度系数:±100ppm/℃;
C26,1,,GND,电容,容值:100nF;精度:±10%;额定电压:50V;材质(温度系数):X7R;
C26,2,,MCU_ANALOG_3V3,电容,容值:100nF;精度:±10%;额定电压:50V;材质(温度系数):X7R;
C27,1,,GND,电容,容值:100nF;精度:±10%;额定电压:50V;材质(温度系数):X7R;
C27,2,,MCU_ANALOG_3V3,电容,容值:100nF;精度:±10%;额定电压:50V;材质(温度系数):X7R;
C28,1,,GND,电容,容值:100nF;精度:±10%;额定电压:50V;材质(温度系数):X7R;
C28,2,,MCU_ANALOG_3V3,电容,容值:100nF;精度:±10%;额定电压:50V;材质(温度系数):X7R;
C29,1,,GND,电容,容值:100nF;精度:±10%;额定电压:50V;材质(温度系数):X7R;
C29,2,,MCU_ANALOG_3V3,电容,容值:100nF;精度:±10%;额定电压:50V;材质(温度系数):X7R;
U14,1,,GND,IC/模块,接口类型:I2C;存储容量:128Kbit;时钟频率(fc):1MHz;
U14,2,,GND,IC/模块,接口类型:I2C;存储容量:128Kbit;时钟频率(fc):1MHz;
U14,3,,GND,IC/模块,接口类型:I2C;存储容量:128Kbit;时钟频率(fc):1MHz;
U14,4,,GND,IC/模块,接口类型:I2C;存储容量:128Kbit;时钟频率(fc):1MHz;
U14,5,,MCU_PB11_I2C2_SDA,IC/模块,接口类型:I2C;存储容量:128Kbit;时钟频率(fc):1MHz;
U14,6,,MCU_PB10_I2C2_SCL,IC/模块,接口类型:I2C;存储容量:128Kbit;时钟频率(fc):1MHz;
U14,7,,GND,IC/模块,接口类型:I2C;存储容量:128Kbit;时钟频率(fc):1MHz;
U14,8,,MCU_ANALOG_3V3,IC/模块,接口类型:I2C;存储容量:128Kbit;时钟频率(fc):1MHz;
C35,1,,MCU_ANALOG_3V3,电容,容值:100nF;精度:±10%;额定电压:50V;材质(温度系数):X7R;
C35,2,,GND,电容,容值:100nF;精度:±10%;额定电压:50V;材质(温度系数):X7R;
R20,1,,MCU_PB11_I2C2_SDA,电阻,电阻类型:厚膜电阻;阻值:2kΩ;精度:±1%;功率:100mW;工作电压:75V;温度系数:±100ppm/℃;
R20,2,,MCU_ANALOG_3V3,电阻,电阻类型:厚膜电阻;阻值:2kΩ;精度:±1%;功率:100mW;工作电压:75V;温度系数:±100ppm/℃;
R21,1,,MCU_PB10_I2C2_SCL,电阻,电阻类型:厚膜电阻;阻值:2kΩ;精度:±1%;功率:100mW;工作电压:75V;温度系数:±100ppm/℃;
R21,2,,MCU_ANALOG_3V3,电阻,电阻类型:厚膜电阻;阻值:2kΩ;精度:±1%;功率:100mW;工作电压:75V;温度系数:±100ppm/℃;
X1,1,,OSC_OUT,连接器,晶振类型:贴片晶振;频率:8MHz;常温频差:±10ppm;负载电容:20pF;频率稳定度:±20ppm;
X1,2,,OSC_IN,连接器,晶振类型:贴片晶振;频率:8MHz;常温频差:±10ppm;负载电容:20pF;频率稳定度:±20ppm;
C31,1,,GND,电容,容值:18pF;精度:±5%;额定电压:50V;温度系数:C0G;
C31,2,,OSC_OUT,电容,容值:18pF;精度:±5%;额定电压:50V;温度系数:C0G;
C33,1,,OSC_IN,电容,容值:18pF;精度:±5%;额定电压:50V;温度系数:C0G;
C33,2,,GND,电容,容值:18pF;精度:±5%;额定电压:50V;温度系数:C0G;
C34,1,,GND,电容,容值:100nF;精度:±10%;额定电压:50V;材质(温度系数):X7R;
C34,2,,$3N188,电容,容值:100nF;精度:±10%;额定电压:50V;材质(温度系数):X7R;
U13,1,,$3N229,IC/模块,连接器类型：电池底座 适用电池规格：CR1220，CR1220D，ML1220 工作温度范围：-40℃~+80℃
U13,2,,GND,IC/模块,连接器类型：电池底座 适用电池规格：CR1220，CR1220D，ML1220 工作温度范围：-40℃~+80℃
U11,1,,MCU_ANALOG_3V3,IC/模块,二极管配置:独立式;正向压降(Vf):1V@100mA;直流反向耐压(Vr):30V;整流电流:200mA;
U11,2,,,IC/模块,二极管配置:独立式;正向压降(Vf):1V@100mA;直流反向耐压(Vr):30V;整流电流:200mA;
U11,3,,$3N231,IC/模块,二极管配置:独立式;正向压降(Vf):1V@100mA;直流反向耐压(Vr):30V;整流电流:200mA;
R17,1,,$3N231,电阻,电阻类型:厚膜电阻;阻值:5.1kΩ;精度:±1%;功率:100mW;工作电压:75V;温度系数:±100ppm/℃;
R17,2,,$3N229,电阻,电阻类型:厚膜电阻;阻值:5.1kΩ;精度:±1%;功率:100mW;工作电压:75V;温度系数:±100ppm/℃;
U12,1,,MCU_ANALOG_3V3,IC/模块,接口:三线串行接口;
U12,2,,$3N228,IC/模块,接口:三线串行接口;
U12,3,,$3N227,IC/模块,接口:三线串行接口;
U12,4,,GND,IC/模块,接口:三线串行接口;
U12,5,,MCU_GPIO_PA12_DS1302_RST,IC/模块,接口:三线串行接口;
U12,6,,MCU_GPIO_PC12_DS1302_IO,IC/模块,接口:三线串行接口;
U12,7,,MCU_GPIO_PD2_DS1302_SCLK,IC/模块,接口:三线串行接口;
U12,8,,$3N229,IC/模块,接口:三线串行接口;
C30,1,,MCU_ANALOG_3V3,电容,容值:100nF;精度:±10%;额定电压:16V;温度系数:X7R;
C30,2,,GND,电容,容值:100nF;精度:±10%;额定电压:16V;温度系数:X7R;
C32,1,,GND,电容,容值:100nF;精度:±10%;额定电压:16V;温度系数:X7R;
C32,2,,$3N229,电容,容值:100nF;精度:±10%;额定电压:16V;温度系数:X7R;
X2,1,,$3N227,连接器,晶振类型:贴片晶振;频率:32.768kHz;常温频差:±20ppm;负载电容:12.5pF;
X2,2,,$3N228,连接器,晶振类型:贴片晶振;频率:32.768kHz;常温频差:±20ppm;负载电容:12.5pF;
R18,1,,$3N2,电阻,电阻类型:厚膜电阻;阻值:820Ω;精度:±1%;功率:100mW;工作电压:75V;温度系数:±100ppm/℃;
R18,2,,MCU_PB12_BUZZER_EN,电阻,电阻类型:厚膜电阻;阻值:820Ω;精度:±1%;功率:100mW;工作电压:75V;温度系数:±100ppm/℃;
H1,1,,+5V,其他,插针结构:1x6P;间距:2.54mm;行距:-;圆针/方针:方针;安装方式:直插;排数:单排;总PIN位数:6P;额定电流:-;额定电压:-;配合针长度:6mm;塑高:2.5mm;端接针长度:3mm;触头材质:黄铜;触头镀层:-;工作温度:-40℃~+105℃;颜色:黑色;
H1,2,,GND,其他,插针结构:1x6P;间距:2.54mm;行距:-;圆针/方针:方针;安装方式:直插;排数:单排;总PIN位数:6P;额定电流:-;额定电压:-;配合针长度:6mm;塑高:2.5mm;端接针长度:3mm;触头材质:黄铜;触头镀层:-;工作温度:-40℃~+105℃;颜色:黑色;
H1,3,,SWCLK,其他,插针结构:1x6P;间距:2.54mm;行距:-;圆针/方针:方针;安装方式:直插;排数:单排;总PIN位数:6P;额定电流:-;额定电压:-;配合针长度:6mm;塑高:2.5mm;端接针长度:3mm;触头材质:黄铜;触头镀层:-;工作温度:-40℃~+105℃;颜色:黑色;
H1,4,,SWDIO,其他,插针结构:1x6P;间距:2.54mm;行距:-;圆针/方针:方针;安装方式:直插;排数:单排;总PIN位数:6P;额定电流:-;额定电压:-;配合针长度:6mm;塑高:2.5mm;端接针长度:3mm;触头材质:黄铜;触头镀层:-;工作温度:-40℃~+105℃;颜色:黑色;
H1,5,,MCU_PA10_USART1_RX_DEBUG,其他,插针结构:1x6P;间距:2.54mm;行距:-;圆针/方针:方针;安装方式:直插;排数:单排;总PIN位数:6P;额定电流:-;额定电压:-;配合针长度:6mm;塑高:2.5mm;端接针长度:3mm;触头材质:黄铜;触头镀层:-;工作温度:-40℃~+105℃;颜色:黑色;
H1,6,,MCU_PA9_USART1_TX_DEBUG,其他,插针结构:1x6P;间距:2.54mm;行距:-;圆针/方针:方针;安装方式:直插;排数:单排;总PIN位数:6P;额定电流:-;额定电压:-;配合针长度:6mm;塑高:2.5mm;端接针长度:3mm;触头材质:黄铜;触头镀层:-;工作温度:-40℃~+105℃;颜色:黑色;
R22,1,,MCU_ANALOG_3V3,电阻,电阻类型:厚膜电阻;阻值:10kΩ;精度:±1%;功率:100mW;工作电压:75V;温度系数:±100ppm/℃;
R22,2,,$3N188,电阻,电阻类型:厚膜电阻;阻值:10kΩ;精度:±1%;功率:100mW;工作电压:75V;温度系数:±100ppm/℃;
SW1,1,,GND,其他,电路结构:单刀单掷;开关位数:2位;额定电流:25mA;额定电压:24V;工作寿命:3千次;颜色:黑色;
SW1,2,,GND,其他,电路结构:单刀单掷;开关位数:2位;额定电流:25mA;额定电压:24V;工作寿命:3千次;颜色:黑色;
SW1,3,,$3N305,其他,电路结构:单刀单掷;开关位数:2位;额定电流:25mA;额定电压:24V;工作寿命:3千次;颜色:黑色;
SW1,4,,$3N306,其他,电路结构:单刀单掷;开关位数:2位;额定电流:25mA;额定电压:24V;工作寿命:3千次;颜色:黑色;
FPC1,1,,+5V,其他,锁定特性:翻盖式;触点类型:卧贴;触点数量:16P;间距:0.5mm;安装方式:下接;工作温度:-25℃~+85℃;
FPC1,2,,GND,其他,锁定特性:翻盖式;触点类型:卧贴;触点数量:16P;间距:0.5mm;安装方式:下接;工作温度:-25℃~+85℃;
FPC1,3,,MCU_PB6_I2C1_SCL_SCREEN,其他,锁定特性:翻盖式;触点类型:卧贴;触点数量:16P;间距:0.5mm;安装方式:下接;工作温度:-25℃~+85℃;
FPC1,4,,MCU_PB7_I2C1_SDA_SCREEN,其他,锁定特性:翻盖式;触点类型:卧贴;触点数量:16P;间距:0.5mm;安装方式:下接;工作温度:-25℃~+85℃;
FPC1,5,,MCU_GPIO_PB2_SCREEN_DC,其他,锁定特性:翻盖式;触点类型:卧贴;触点数量:16P;间距:0.5mm;安装方式:下接;工作温度:-25℃~+85℃;
FPC1,6,,MCU_GPIO_PB1_SCREEN_BLK,其他,锁定特性:翻盖式;触点类型:卧贴;触点数量:16P;间距:0.5mm;安装方式:下接;工作温度:-25℃~+85℃;
FPC1,7,,MCU_GPIO_PB0_KEY_MID,其他,锁定特性:翻盖式;触点类型:卧贴;触点数量:16P;间距:0.5mm;安装方式:下接;工作温度:-25℃~+85℃;
FPC1,8,,MCU_SPI2_MOSI_PB13_SCREEN,其他,锁定特性:翻盖式;触点类型:卧贴;触点数量:16P;间距:0.5mm;安装方式:下接;工作温度:-25℃~+85℃;
FPC1,9,,MCU_SPI2_SCK_PB15_SCREEN,其他,锁定特性:翻盖式;触点类型:卧贴;触点数量:16P;间距:0.5mm;安装方式:下接;工作温度:-25℃~+85℃;
FPC1,10,,MCU_GPIO_PC5_SCREEN_RES,其他,锁定特性:翻盖式;触点类型:卧贴;触点数量:16P;间距:0.5mm;安装方式:下接;工作温度:-25℃~+85℃;
FPC1,11,,MCU_GPIO_PC4_LED_DI,其他,锁定特性:翻盖式;触点类型:卧贴;触点数量:16P;间距:0.5mm;安装方式:下接;工作温度:-25℃~+85℃;
FPC1,12,,MCU_GPIO_PA2_LED_DATA,其他,锁定特性:翻盖式;触点类型:卧贴;触点数量:16P;间距:0.5mm;安装方式:下接;工作温度:-25℃~+85℃;
FPC1,13,,MCU_GPIO_PA1_KEY_UP,其他,锁定特性:翻盖式;触点类型:卧贴;触点数量:16P;间距:0.5mm;安装方式:下接;工作温度:-25℃~+85℃;
FPC1,14,,MCU_GPIO_PA0_KEY_RIGHT,其他,锁定特性:翻盖式;触点类型:卧贴;触点数量:16P;间距:0.5mm;安装方式:下接;工作温度:-25℃~+85℃;
FPC1,15,,MCU_GPIO_PC3_KEY_LEFT,其他,锁定特性:翻盖式;触点类型:卧贴;触点数量:16P;间距:0.5mm;安装方式:下接;工作温度:-25℃~+85℃;
FPC1,16,,MCU_GPIO_PC2_KEY_DOWN,其他,锁定特性:翻盖式;触点类型:卧贴;触点数量:16P;间距:0.5mm;安装方式:下接;工作温度:-25℃~+85℃;
FPC1,17,,GND,其他,锁定特性:翻盖式;触点类型:卧贴;触点数量:16P;间距:0.5mm;安装方式:下接;工作温度:-25℃~+85℃;
FPC1,18,,GND,其他,锁定特性:翻盖式;触点类型:卧贴;触点数量:16P;间距:0.5mm;安装方式:下接;工作温度:-25℃~+85℃;
U16,1,,MCU_PC10_UART4_TX_485,IC/模块,类型:收发器;数据速率:10Mbps;
U16,2,,MCU_PA15_485_TX_RX_SEL,IC/模块,类型:收发器;数据速率:10Mbps;
U16,3,,MCU_PA15_485_TX_RX_SEL,IC/模块,类型:收发器;数据速率:10Mbps;
U16,4,,MCU_PC11_UART4_RX_485,IC/模块,类型:收发器;数据速率:10Mbps;
U16,5,,GND,IC/模块,类型:收发器;数据速率:10Mbps;
U16,6,,$6N148,IC/模块,类型:收发器;数据速率:10Mbps;
U16,7,,$6N146,IC/模块,类型:收发器;数据速率:10Mbps;
U16,8,,485_DI_3V3,IC/模块,类型:收发器;数据速率:10Mbps;
C36,1,,485_DI_3V3,电容,容值:100nF;精度:±10%;额定电压:50V;材质(温度系数):X7R;
C36,2,,GND,电容,容值:100nF;精度:±10%;额定电压:50V;材质(温度系数):X7R;
R24,1,,485A,电阻,电阻类型:厚膜电阻;阻值:2kΩ;精度:±1%;功率:100mW;工作电压:75V;温度系数:±100ppm/℃;
R24,2,,485B,电阻,电阻类型:厚膜电阻;阻值:2kΩ;精度:±1%;功率:100mW;工作电压:75V;温度系数:±100ppm/℃;
U17,1,,GND,IC/模块,极性:双向;反向截止电压(Vrwm):6.5V;钳位电压:11.2V;峰值脉冲电流(Ipp):53.57A;峰值脉冲功率(Ppp):600W;击穿电压:7.22V;
U17,2,,485A,IC/模块,极性:双向;反向截止电压(Vrwm):6.5V;钳位电压:11.2V;峰值脉冲电流(Ipp):53.57A;峰值脉冲功率(Ppp):600W;击穿电压:7.22V;
U15,1,,485B,IC/模块,极性:双向;反向截止电压(Vrwm):6.5V;钳位电压:11.2V;峰值脉冲电流(Ipp):53.57A;峰值脉冲功率(Ppp):600W;击穿电压:7.22V;
U15,2,,GND,IC/模块,极性:双向;反向截止电压(Vrwm):6.5V;钳位电压:11.2V;峰值脉冲电流(Ipp):53.57A;峰值脉冲功率(Ppp):600W;击穿电压:7.22V;
R23,1,,$6N146,电阻,电阻类型:厚膜电阻;阻值:10Ω;精度:±1%;功率:100mW;工作电压:75V;温度系数:±400ppm/℃;
R23,2,,485B,电阻,电阻类型:厚膜电阻;阻值:10Ω;精度:±1%;功率:100mW;工作电压:75V;温度系数:±400ppm/℃;
R25,1,,$6N148,电阻,电阻类型:厚膜电阻;阻值:10Ω;精度:±1%;功率:100mW;工作电压:75V;温度系数:±400ppm/℃;
R25,2,,485A,电阻,电阻类型:厚膜电阻;阻值:10Ω;精度:±1%;功率:100mW;工作电压:75V;温度系数:±400ppm/℃;
J1,1,,TXP,连接器,连接器类型:RJ插座;USOC代码:RJ45;端口数量:1;等级:-;屏蔽:-;LED:带LED;
J1,2,,TXN,连接器,连接器类型:RJ插座;USOC代码:RJ45;端口数量:1;等级:-;屏蔽:-;LED:带LED;
J1,3,,RXPNET,连接器,连接器类型:RJ插座;USOC代码:RJ45;端口数量:1;等级:-;屏蔽:-;LED:带LED;
J1,4,,TCT,连接器,连接器类型:RJ插座;USOC代码:RJ45;端口数量:1;等级:-;屏蔽:-;LED:带LED;
J1,5,,RCT,连接器,连接器类型:RJ插座;USOC代码:RJ45;端口数量:1;等级:-;屏蔽:-;LED:带LED;
J1,6,,RXNNET,连接器,连接器类型:RJ插座;USOC代码:RJ45;端口数量:1;等级:-;屏蔽:-;LED:带LED;
J1,7,,,连接器,连接器类型:RJ插座;USOC代码:RJ45;端口数量:1;等级:-;屏蔽:-;LED:带LED;
J1,8,,,连接器,连接器类型:RJ插座;USOC代码:RJ45;端口数量:1;等级:-;屏蔽:-;LED:带LED;
J1,9,,$6N136,连接器,连接器类型:RJ插座;USOC代码:RJ45;端口数量:1;等级:-;屏蔽:-;LED:带LED;
J1,10,,ACTLED,连接器,连接器类型:RJ插座;USOC代码:RJ45;端口数量:1;等级:-;屏蔽:-;LED:带LED;
J1,11,,LINKLED,连接器,连接器类型:RJ插座;USOC代码:RJ45;端口数量:1;等级:-;屏蔽:-;LED:带LED;
J1,12,,$6N138,连接器,连接器类型:RJ插座;USOC代码:RJ45;端口数量:1;等级:-;屏蔽:-;LED:带LED;
J1,SH1,,GND,连接器,连接器类型:RJ插座;USOC代码:RJ45;端口数量:1;等级:-;屏蔽:-;LED:带LED;
J1,SH2,,GND,连接器,连接器类型:RJ插座;USOC代码:RJ45;端口数量:1;等级:-;屏蔽:-;LED:带LED;
U18,1,,TXN,IC/模块,应用功能:以太网控制器;通道数:-;接口类型:SPI;
U18,2,,TXP,IC/模块,应用功能:以太网控制器;通道数:-;接口类型:SPI;
U18,3,,GND,IC/模块,应用功能:以太网控制器;通道数:-;接口类型:SPI;
U18,4,,W5500_3V3,IC/模块,应用功能:以太网控制器;通道数:-;接口类型:SPI;
U18,5,,RXN,IC/模块,应用功能:以太网控制器;通道数:-;接口类型:SPI;
U18,6,,RXP,IC/模块,应用功能:以太网控制器;通道数:-;接口类型:SPI;
U18,7,,,IC/模块,应用功能:以太网控制器;通道数:-;接口类型:SPI;
U18,8,,W5500_3V3,IC/模块,应用功能:以太网控制器;通道数:-;接口类型:SPI;
U18,9,,GND,IC/模块,应用功能:以太网控制器;通道数:-;接口类型:SPI;
U18,10,,$6N126,IC/模块,应用功能:以太网控制器;通道数:-;接口类型:SPI;
U18,11,,W5500_3V3,IC/模块,应用功能:以太网控制器;通道数:-;接口类型:SPI;
U18,12,,,IC/模块,应用功能:以太网控制器;通道数:-;接口类型:SPI;
U18,13,,,IC/模块,应用功能:以太网控制器;通道数:-;接口类型:SPI;
U18,14,,GND,IC/模块,应用功能:以太网控制器;通道数:-;接口类型:SPI;
U18,15,,W5500_3V3,IC/模块,应用功能:以太网控制器;通道数:-;接口类型:SPI;
U18,16,,GND,IC/模块,应用功能:以太网控制器;通道数:-;接口类型:SPI;
U18,17,,W5500_3V3,IC/模块,应用功能:以太网控制器;通道数:-;接口类型:SPI;
U18,18,,,IC/模块,应用功能:以太网控制器;通道数:-;接口类型:SPI;
U18,19,,GND,IC/模块,应用功能:以太网控制器;通道数:-;接口类型:SPI;
U18,20,,$6N120,IC/模块,应用功能:以太网控制器;通道数:-;接口类型:SPI;
U18,21,,W5500_3V3,IC/模块,应用功能:以太网控制器;通道数:-;接口类型:SPI;
U18,22,,$6N94,IC/模块,应用功能:以太网控制器;通道数:-;接口类型:SPI;
U18,23,,$6N89,IC/模块,应用功能:以太网控制器;通道数:-;接口类型:SPI;
U18,24,,,IC/模块,应用功能:以太网控制器;通道数:-;接口类型:SPI;
U18,25,,LINKLED,IC/模块,应用功能:以太网控制器;通道数:-;接口类型:SPI;
U18,26,,,IC/模块,应用功能:以太网控制器;通道数:-;接口类型:SPI;
U18,27,,ACTLED,IC/模块,应用功能:以太网控制器;通道数:-;接口类型:SPI;
U18,28,,ERTHER_3V3,IC/模块,应用功能:以太网控制器;通道数:-;接口类型:SPI;
U18,29,,GND,IC/模块,应用功能:以太网控制器;通道数:-;接口类型:SPI;
U18,30,,$6N110,IC/模块,应用功能:以太网控制器;通道数:-;接口类型:SPI;
U18,31,,$6N117,IC/模块,应用功能:以太网控制器;通道数:-;接口类型:SPI;
U18,32,,MCU_GPIO_PC13_CS_W5500,IC/模块,应用功能:以太网控制器;通道数:-;接口类型:SPI;
U18,33,,MCU_SPI1_PB3_SCK_W5500,IC/模块,应用功能:以太网控制器;通道数:-;接口类型:SPI;
U18,34,,MCU_SPI1_PB4_MISO_W5500,IC/模块,应用功能:以太网控制器;通道数:-;接口类型:SPI;
U18,35,,MCU_SPI1_PB5_MOSI_W5500,IC/模块,应用功能:以太网控制器;通道数:-;接口类型:SPI;
U18,36,,MCU_EXTI_PC14_INT_W5500,IC/模块,应用功能:以太网控制器;通道数:-;接口类型:SPI;
U18,37,,MCU_GPIO_PC15_RST_W5500,IC/模块,应用功能:以太网控制器;通道数:-;接口类型:SPI;
U18,38,,$6N104,IC/模块,应用功能:以太网控制器;通道数:-;接口类型:SPI;
U18,39,,$6N104,IC/模块,应用功能:以太网控制器;通道数:-;接口类型:SPI;
U18,40,,$6N104,IC/模块,应用功能:以太网控制器;通道数:-;接口类型:SPI;
U18,41,,$6N104,IC/模块,应用功能:以太网控制器;通道数:-;接口类型:SPI;
U18,42,,$6N104,IC/模块,应用功能:以太网控制器;通道数:-;接口类型:SPI;
U18,43,,$6N106,IC/模块,应用功能:以太网控制器;通道数:-;接口类型:SPI;
U18,44,,$6N106,IC/模块,应用功能:以太网控制器;通道数:-;接口类型:SPI;
U18,45,,$6N106,IC/模块,应用功能:以太网控制器;通道数:-;接口类型:SPI;
U18,46,,,IC/模块,应用功能:以太网控制器;通道数:-;接口类型:SPI;
U18,47,,,IC/模块,应用功能:以太网控制器;通道数:-;接口类型:SPI;
U18,48,,GND,IC/模块,应用功能:以太网控制器;通道数:-;接口类型:SPI;
R28,1,,$6N106,电阻,电阻类型:厚膜电阻;阻值:10kΩ;精度:±1%;功率:62.5mW;
R28,2,,ERTHER_3V3,电阻,电阻类型:厚膜电阻;阻值:10kΩ;精度:±1%;功率:62.5mW;
R30,1,,$6N104,电阻,电阻类型:厚膜电阻;阻值:10kΩ;精度:±1%;功率:62.5mW;
R30,2,,GND,电阻,电阻类型:厚膜电阻;阻值:10kΩ;精度:±1%;功率:62.5mW;
R37,1,,GND,电阻,电阻类型:厚膜电阻;阻值:10kΩ;精度:±1%;功率:62.5mW;
R37,2,,$6N89,电阻,电阻类型:厚膜电阻;阻值:10kΩ;精度:±1%;功率:62.5mW;
X3,1,,$6N117,连接器,频率:25MHz;频率公差:±10ppm;负载电容:12pF;
X3,2,,GND,连接器,频率:25MHz;频率公差:±10ppm;负载电容:12pF;
X3,3,,$6N110,连接器,频率:25MHz;频率公差:±10ppm;负载电容:12pF;
X3,4,,GND,连接器,频率:25MHz;频率公差:±10ppm;负载电容:12pF;
C43,1,,$6N117,电容,容值:12pF;精度:±5%;额定电压:50V;材质(温度系数):C0G;
C43,2,,GND,电容,容值:12pF;精度:±5%;额定电压:50V;材质(温度系数):C0G;
C44,1,,GND,电容,容值:12pF;精度:±5%;额定电压:50V;材质(温度系数):C0G;
C44,2,,$6N110,电容,容值:12pF;精度:±5%;额定电压:50V;材质(温度系数):C0G;
L6,1,,ERTHER_3V3,电感,电感值:1uH;精度:±20%;额定电流:280mA;
L6,2,,W5500_3V3,电感,电感值:1uH;精度:±20%;额定电流:280mA;
C37,1,,GND,电容,容值:10uF;精度:±20%;额定电压:6.3V;材质(温度系数):X5R;
C37,2,,ERTHER_3V3,电容,容值:10uF;精度:±20%;额定电压:6.3V;材质(温度系数):X5R;
C38,1,,GND,电容,容值:100nF;精度:±10%;额定电压:16V;材质(温度系数):X7R;
C38,2,,ERTHER_3V3,电容,容值:100nF;精度:±10%;额定电压:16V;材质(温度系数):X7R;
C39,1,,GND,电容,容值:100nF;精度:±10%;额定电压:16V;材质(温度系数):X7R;
C39,2,,W5500_3V3,电容,容值:100nF;精度:±10%;额定电压:16V;材质(温度系数):X7R;
R34,1,,W5500_3V3,电阻,电阻类型:厚膜电阻;阻值:51Ω;精度:±1%;功率:62.5mW;温度系数:±100ppm/℃;
R34,2,,TXP,电阻,电阻类型:厚膜电阻;阻值:51Ω;精度:±1%;功率:62.5mW;温度系数:±100ppm/℃;
R32,1,,W5500_3V3,电阻,电阻类型:厚膜电阻;阻值:51Ω;精度:±1%;功率:62.5mW;温度系数:±100ppm/℃;
R32,2,,TXN,电阻,电阻类型:厚膜电阻;阻值:51Ω;精度:±1%;功率:62.5mW;温度系数:±100ppm/℃;
R27,1,,RCT,电阻,电阻类型:厚膜电阻;阻值:82Ω;精度:±1%;功率:62.5mW;
R27,2,,RXN,电阻,电阻类型:厚膜电阻;阻值:82Ω;精度:±1%;功率:62.5mW;
R29,1,,RXP,电阻,电阻类型:厚膜电阻;阻值:82Ω;精度:±1%;功率:62.5mW;
R29,2,,RCT,电阻,电阻类型:厚膜电阻;阻值:82Ω;精度:±1%;功率:62.5mW;
R35,1,,ERTHER_3V3,电阻,电阻类型:厚膜电阻;阻值:1kΩ;精度:±5%;功率:62.5mW;
R35,2,,$6N136,电阻,电阻类型:厚膜电阻;阻值:1kΩ;精度:±5%;功率:62.5mW;
R36,1,,ERTHER_3V3,电阻,电阻类型:厚膜电阻;阻值:1kΩ;精度:±5%;功率:62.5mW;
R36,2,,$6N138,电阻,电阻类型:厚膜电阻;阻值:1kΩ;精度:±5%;功率:62.5mW;
R31,1,,GND,电阻,电阻类型:厚膜电阻;阻值:12.4kΩ;精度:±1%;功率:62.5mW;
R31,2,,$6N126,电阻,电阻类型:厚膜电阻;阻值:12.4kΩ;精度:±1%;功率:62.5mW;
R33,1,,W5500_3V3,电阻,功率:1/16W;精度:±1%;温度系数:±200ppm/℃;阻值:10Ω;最大工作电压:50V;工作温度范围:-55℃~+155℃;
R33,2,,TCT,电阻,功率:1/16W;精度:±1%;温度系数:±200ppm/℃;阻值:10Ω;最大工作电压:50V;工作温度范围:-55℃~+155℃;
C45,1,,$6N120,电容,容值:4.7uF;精度:±10%;额定电压:10V;材质(温度系数):X5R;
C45,2,,GND,电容,容值:4.7uF;精度:±10%;额定电压:10V;材质(温度系数):X5R;
C47,1,,GND,电容,容值:10nF;精度:±10%;额定电压:50V;材质(温度系数):X7R;
C47,2,,$6N94,电容,容值:10nF;精度:±10%;额定电压:50V;材质(温度系数):X7R;
C41,1,,GND,电容,容值:10nF;精度:±10%;额定电压:50V;材质(温度系数):X7R;
C41,2,,RCT,电容,容值:10nF;精度:±10%;额定电压:50V;材质(温度系数):X7R;
C46,1,,GND,电容,容值:22nF;精度:±10%;额定电压:50V;材质(温度系数):X7R;
C46,2,,TCT,电容,容值:22nF;精度:±10%;额定电压:50V;材质(温度系数):X7R;
C42,1,,RXP,电容,容值:6.8nF;精度:±10%;额定电压:50V;材质(温度系数):X7R;
C42,2,,RXPNET,电容,容值:6.8nF;精度:±10%;额定电压:50V;材质(温度系数):X7R;
C40,1,,RXN,电容,容值:6.8nF;精度:±10%;额定电压:50V;材质(温度系数):X7R;
C40,2,,RXNNET,电容,容值:6.8nF;精度:±10%;额定电压:50V;材质(温度系数):X7R;
R26,1,,GND,电阻,电阻类型:厚膜电阻;阻值:10kΩ;精度:±1%;功率:100mW;工作电压:75V;温度系数:±100ppm/℃;
R26,2,,MCU_PA15_485_TX_RX_SEL,电阻,电阻类型:厚膜电阻;阻值:10kΩ;精度:±1%;功率:100mW;工作电压:75V;温度系数:±100ppm/℃;
R41,1,,$7N3,电阻,电阻类型:厚膜电阻;阻值:22kΩ;精度:±1%;功率:100mW;工作电压:75V;温度系数:±100ppm/℃;
R41,2,,$7N4,电阻,电阻类型:厚膜电阻;阻值:22kΩ;精度:±1%;功率:100mW;工作电压:75V;温度系数:±100ppm/℃;
R43,1,,AGND,电阻,电阻类型:厚膜电阻;阻值:3.4kΩ;精度:±1%;功率:100mW;工作电压:75V;温度系数:±100ppm/℃;
R43,2,,$7N4,电阻,电阻类型:厚膜电阻;阻值:3.4kΩ;精度:±1%;功率:100mW;工作电压:75V;温度系数:±100ppm/℃;
C51,1,,AGND,电容,容值:33pF;精度:±5%;额定电压:50V;温度系数:NP0;
C51,2,,$7N4,电容,容值:33pF;精度:±5%;额定电压:50V;温度系数:NP0;
R42,1,,$7N12,电阻,电阻类型:厚膜电阻;阻值:1kΩ;精度:±1%;功率:100mW;工作电压:75V;温度系数:±100ppm/℃;
R42,2,,$7N13,电阻,电阻类型:厚膜电阻;阻值:1kΩ;精度:±1%;功率:100mW;工作电压:75V;温度系数:±100ppm/℃;
R38,1,,$7N13,电阻,电阻类型:厚膜电阻;阻值:1kΩ;精度:±1%;功率:100mW;工作电压:75V;温度系数:±100ppm/℃;
R38,2,,3V3A,电阻,电阻类型:厚膜电阻;阻值:1kΩ;精度:±1%;功率:100mW;工作电压:75V;温度系数:±100ppm/℃;
D3,1,,OP_-5V,二极管,二极管配置:1对串联式;正向压降(Vf):1.25V@150mA;直流反向耐压(Vr):100V;整流电流:215mA;反向恢复时间(Trr):4ns;
D3,2,,OP_+5V,二极管,二极管配置:1对串联式;正向压降(Vf):1.25V@150mA;直流反向耐压(Vr):100V;整流电流:215mA;反向恢复时间(Trr):4ns;
D3,3,,$7N4,二极管,二极管配置:1对串联式;正向压降(Vf):1.25V@150mA;直流反向耐压(Vr):100V;整流电流:215mA;反向恢复时间(Trr):4ns;
C48,1,,AGND,电容,容值:100nF;精度:±10%;额定电压:50V;材质(温度系数):X7R;
C48,2,,OP_+5V,电容,容值:100nF;精度:±10%;额定电压:50V;材质(温度系数):X7R;
C52,1,,AGND,电容,容值:100nF;精度:±10%;额定电压:50V;材质(温度系数):X7R;
C52,2,,OP_-5V,电容,容值:100nF;精度:±10%;额定电压:50V;材质(温度系数):X7R;
R39,1,,$7N26,电阻,电阻类型:厚膜电阻;阻值:51Ω;精度:±1%;功率:100mW;工作电压:75V;温度系数:±100ppm/℃;
R39,2,,$7N31,电阻,电阻类型:厚膜电阻;阻值:51Ω;精度:±1%;功率:100mW;工作电压:75V;温度系数:±100ppm/℃;
C50,1,,$7N31,电容,容值:1nF;精度:±10%;额定电压:50V;温度系数:X7R;
C50,2,,AGND,电容,容值:1nF;精度:±10%;额定电压:50V;温度系数:X7R;
C49,1,,OP_+5V,电容,容值:100nF;精度:±10%;额定电压:50V;材质(温度系数):X7R;
C49,2,,OP_-5V,电容,容值:100nF;精度:±10%;额定电压:50V;材质(温度系数):X7R;
RF1,1,,AGND,其他,连接器类型:板端;接口类型:内孔;端口数量:1;接口直径:5.25mm;接口长度/高度:14mm;频率-最大值:-;射频系列:SMA;阻抗:-;样式:弯头;工作温度范围:-;
RF1,2,,AGND,其他,连接器类型:板端;接口类型:内孔;端口数量:1;接口直径:5.25mm;接口长度/高度:14mm;频率-最大值:-;射频系列:SMA;阻抗:-;样式:弯头;工作温度范围:-;
RF1,3,,AGND,其他,连接器类型:板端;接口类型:内孔;端口数量:1;接口直径:5.25mm;接口长度/高度:14mm;频率-最大值:-;射频系列:SMA;阻抗:-;样式:弯头;工作温度范围:-;
RF1,4,,AGND,其他,连接器类型:板端;接口类型:内孔;端口数量:1;接口直径:5.25mm;接口长度/高度:14mm;频率-最大值:-;射频系列:SMA;阻抗:-;样式:弯头;工作温度范围:-;
RF1,5,,$7N3,其他,连接器类型:板端;接口类型:内孔;端口数量:1;接口直径:5.25mm;接口长度/高度:14mm;频率-最大值:-;射频系列:SMA;阻抗:-;样式:弯头;工作温度范围:-;
R40,1,,$7N31,电阻,电阻类型:厚膜电阻;阻值:0Ω;精度:±1%;功率:100mW;工作电压:75V;温度系数:-;
R40,2,,MCU_PC1_ADC2_IN11,电阻,电阻类型:厚膜电阻;阻值:0Ω;精度:±1%;功率:100mW;工作电压:75V;温度系数:-;
CN2,1,,VIN,连接器,连接器类型:板端/插座-开口;固定方式:卡扣固定;结构:1x8P;间距:5.08mm;颜色:绿色;安装方式:弯插;排数:1;每排PIN数:8;额定电流:10A;额定电压:300V;线规 - AWG:-;线规 - 平方毫米:-;工作温度:-40℃~+105℃;
CN2,2,,GND,连接器,连接器类型:板端/插座-开口;固定方式:卡扣固定;结构:1x8P;间距:5.08mm;颜色:绿色;安装方式:弯插;排数:1;每排PIN数:8;额定电流:10A;额定电压:300V;线规 - AWG:-;线规 - 平方毫米:-;工作温度:-40℃~+105℃;
CN2,3,,GND,连接器,连接器类型:板端/插座-开口;固定方式:卡扣固定;结构:1x8P;间距:5.08mm;颜色:绿色;安装方式:弯插;排数:1;每排PIN数:8;额定电流:10A;额定电压:300V;线规 - AWG:-;线规 - 平方毫米:-;工作温度:-40℃~+105℃;
CN2,4,,DI1,连接器,连接器类型:板端/插座-开口;固定方式:卡扣固定;结构:1x8P;间距:5.08mm;颜色:绿色;安装方式:弯插;排数:1;每排PIN数:8;额定电流:10A;额定电压:300V;线规 - AWG:-;线规 - 平方毫米:-;工作温度:-40℃~+105℃;
CN2,5,,DI2,连接器,连接器类型:板端/插座-开口;固定方式:卡扣固定;结构:1x8P;间距:5.08mm;颜色:绿色;安装方式:弯插;排数:1;每排PIN数:8;额定电流:10A;额定电压:300V;线规 - AWG:-;线规 - 平方毫米:-;工作温度:-40℃~+105℃;
CN2,6,,DI3,连接器,连接器类型:板端/插座-开口;固定方式:卡扣固定;结构:1x8P;间距:5.08mm;颜色:绿色;安装方式:弯插;排数:1;每排PIN数:8;额定电流:10A;额定电压:300V;线规 - AWG:-;线规 - 平方毫米:-;工作温度:-40℃~+105℃;
CN2,7,,DI4,连接器,连接器类型:板端/插座-开口;固定方式:卡扣固定;结构:1x8P;间距:5.08mm;颜色:绿色;安装方式:弯插;排数:1;每排PIN数:8;额定电流:10A;额定电压:300V;线规 - AWG:-;线规 - 平方毫米:-;工作温度:-40℃~+105℃;
CN2,8,,DI5,连接器,连接器类型:板端/插座-开口;固定方式:卡扣固定;结构:1x8P;间距:5.08mm;颜色:绿色;安装方式:弯插;排数:1;每排PIN数:8;额定电流:10A;额定电压:300V;线规 - AWG:-;线规 - 平方毫米:-;工作温度:-40℃~+105℃;
CN1,1,,MCU_PC0_ADC1_IN10,连接器,连接器类型:板端/插座-开口;固定方式:卡扣固定;结构:1x4P;间距:5.08mm;颜色:绿色;安装方式:弯插;排数:1;每排PIN数:4;额定电流:10A;额定电压:300V;线规 - AWG:-;线规 - 平方毫米:-;工作温度:-40℃~+105℃;
CN1,2,,GND,连接器,连接器类型:板端/插座-开口;固定方式:卡扣固定;结构:1x4P;间距:5.08mm;颜色:绿色;安装方式:弯插;排数:1;每排PIN数:4;额定电流:10A;额定电压:300V;线规 - AWG:-;线规 - 平方毫米:-;工作温度:-40℃~+105℃;
CN1,3,,485B,连接器,连接器类型:板端/插座-开口;固定方式:卡扣固定;结构:1x4P;间距:5.08mm;颜色:绿色;安装方式:弯插;排数:1;每排PIN数:4;额定电流:10A;额定电压:300V;线规 - AWG:-;线规 - 平方毫米:-;工作温度:-40℃~+105℃;
CN1,4,,485A,连接器,连接器类型:板端/插座-开口;固定方式:卡扣固定;结构:1x4P;间距:5.08mm;颜色:绿色;安装方式:弯插;排数:1;每排PIN数:4;额定电流:10A;额定电压:300V;线规 - AWG:-;线规 - 平方毫米:-;工作温度:-40℃~+105℃;
R44,1,,MCU_PC0_ADC1_IN10,电阻,电阻类型:厚膜电阻;阻值:10kΩ;精度:±1%;功率:100mW;工作电压:75V;温度系数:±100ppm/℃;
R44,2,,485_DI_3V3,电阻,电阻类型:厚膜电阻;阻值:10kΩ;精度:±1%;功率:100mW;工作电压:75V;温度系数:±100ppm/℃;
C53,1,,GND,电容,容值:100nF;精度:±10%;额定电压:50V;材质(温度系数):X7R;
C53,2,,MCU_PC0_ADC1_IN10,电容,容值:100nF;精度:±10%;额定电压:50V;材质(温度系数):X7R;